                  epoch,         train/box_loss,         train/cls_loss,         train/dfl_loss,   metrics/precision(B),      metrics/recall(B),       metrics/mAP50(B),    metrics/mAP50-95(B),           val/box_loss,           val/cls_loss,           val/dfl_loss,                 lr/pg0,                 lr/pg1,                 lr/pg2
                      0,                 1.0655,                 1.4495,                 1.0587,                0.71545,                0.66925,                0.65845,                0.47888,                 1.1254,                0.95735,                 1.0002,               0.070012,              0.0033319,              0.0033319
                      1,                0.87929,                0.86197,                0.98865,                0.69352,                0.70472,                0.72785,                0.54857,                0.93006,                0.80377,                0.94165,               0.036713,               0.003366,               0.003366
